id,first_name,last_name,email,phone,state,orders_count,total_spent,created_at,accepts_marketing,_fivetran_synced
1,Emma,Thompson,emma.thompson@gmail.com,447700900001,enabled,15,425.5,2025-03-02 09:37:00,True,2025-07-19 10:00:00
2,Sophie,Williams,sophie.williams@hotmail.co.uk,447700900002,enabled,8,312.75,2024-05-26 09:37:00,True,2025-07-19 10:00:00
3,Charlotte,Brown,charlotte.brown@outlook.com,447700900003,enabled,22,789.25,2024-05-14 09:37:00,False,2025-07-19 10:00:00
4,Olivia,Johnson,olivia.johnson@yahoo.co.uk,447700900004,enabled,12,456.8,2023-12-06 09:37:00,True,2025-07-19 10:00:00
5,Amelia,Jones,amelia.jones@gmail.com,447700900005,enabled,5,198.5,2025-02-04 09:37:00,True,2025-07-19 10:00:00
6,Isabella,Miller,isabella.miller@btinternet.com,447700900006,enabled,18,623.9,2022-12-02 09:37:00,False,2025-07-19 10:00:00
7,Lily,Davis,lily.davis@gmail.com,447700900007,enabled,9,287.65,2024-12-04 09:37:00,True,2025-07-19 10:00:00
8,Grace,Wilson,grace.wilson@hotmail.co.uk,447700900008,enabled,14,534.2,2025-02-12 09:37:00,True,2025-07-19 10:00:00
9,Ella,Moore,ella.moore@outlook.com,447700900009,enabled,7,245.3,2025-03-18 09:37:00,False,2025-07-19 10:00:00
10,Scarlett,Taylor,scarlett.taylor@gmail.com,447700900010,enabled,16,598.75,2024-04-13 09:37:00,True,2025-07-19 10:00:00
11,Chloe,Anderson,chloe.anderson@yahoo.co.uk,447700900011,enabled,11,389.4,2023-11-27 09:37:00,True,2025-07-19 10:00:00
12,Mia,Thomas,mia.thomas@gmail.com,447700900012,enabled,6,156.8,2025-03-05 09:37:00,False,2025-07-19 10:00:00
13,Ruby,Jackson,ruby.jackson@hotmail.co.uk,447700900013,enabled,19,712.15,2025-04-17 09:37:00,True,2025-07-19 10:00:00
14,Poppy,White,poppy.white@outlook.com,447700900014,enabled,8,298.9,2022-12-23 09:37:00,True,2025-07-19 10:00:00
15,Freya,Harris,freya.harris@gmail.com,447700900015,enabled,13,467.3,2023-01-01 09:37:00,False,2025-07-19 10:00:00
16,Hannah,Martin,hannah.martin@btinternet.com,447700900016,enabled,4,125.4,2023-12-15 09:37:00,True,2025-07-19 10:00:00
17,Evie,Thompson,evie.thompson@gmail.com,447700900017,enabled,21,823.6,2023-12-13 09:37:00,True,2025-07-19 10:00:00
18,Aria,Garcia,aria.garcia@yahoo.co.uk,447700900018,enabled,10,356.75,2025-07-11 19:58:05,False,2025-07-19 10:00:00
19,Ivy,Martinez,ivy.martinez@hotmail.co.uk,447700900019,enabled,7,234.5,2025-07-03 19:58:05,True,2025-07-19 10:00:00
20,Zoe,Robinson,zoe.robinson@outlook.com,447700900020,enabled,15,578.25,2023-10-08 09:37:00,True,2025-07-19 10:00:00
21,Maya,Clark,maya.clark@gmail.com,447700900021,enabled,9,312.9,2025-07-02 09:37:00,False,2025-07-19 10:00:00
22,Willow,Rodriguez,willow.rodriguez@btinternet.com,447700900022,enabled,12,445.8,2025-07-07 19:58:05,True,2025-07-19 10:00:00
23,Phoebe,Lewis,phoebe.lewis@gmail.com,447700900023,enabled,6,187.65,2025-02-25 09:37:00,True,2025-07-19 10:00:00
24,Violet,Lee,violet.lee@yahoo.co.uk,447700900024,enabled,17,634.4,2025-01-01 09:37:00,False,2025-07-19 10:00:00
25,Daisy,Walker,daisy.walker@hotmail.co.uk,447700900025,enabled,8,267.3,2022-12-31 09:37:00,True,2025-07-19 10:00:00
26,Luna,Hall,luna.hall@outlook.com,447700900026,enabled,14,523.7,2025-07-07 19:58:05,True,2025-07-19 10:00:00
27,Rose,Allen,rose.allen@gmail.com,447700900027,enabled,11,398.5,2023-01-09 09:37:00,False,2025-07-19 10:00:00
28,Iris,Young,iris.young@btinternet.com,447700900028,enabled,5,145.2,2022-10-07 09:37:00,True,2025-07-19 10:00:00
29,Jasmine,Hernandez,jasmine.hernandez@gmail.com,447700900029,enabled,18,689.9,2024-01-31 09:37:00,True,2025-07-19 10:00:00
30,Penelope,King,penelope.king@yahoo.co.uk,447700900030,enabled,7,256.4,2022-10-29 09:37:00,False,2025-07-19 10:00:00
31,Aurora,Wright,aurora.wright@hotmail.co.uk,447700900031,enabled,13,487.8,2023-09-08 09:37:00,True,2025-07-19 10:00:00
32,Nova,Lopez,nova.lopez@outlook.com,447700900032,enabled,9,334.6,2025-07-18 19:58:05,True,2025-07-19 10:00:00
33,Hazel,Hill,hazel.hill@gmail.com,447700900033,enabled,16,612.3,2022-12-16 09:37:00,False,2025-07-19 10:00:00
34,Alice,Scott,alice.scott@btinternet.com,447700900034,enabled,4,123.7,2022-09-18 09:37:00,True,2025-07-19 10:00:00
35,Eden,Green,eden.green@gmail.com,447700900035,enabled,20,756.9,2025-05-18 09:37:00,True,2025-07-19 10:00:00
36,Matilda,Adams,matilda.adams@yahoo.co.uk,447700900036,enabled,8,289.5,2022-09-03 09:37:00,False,2025-07-19 10:00:00
37,Lola,Baker,lola.baker@hotmail.co.uk,447700900037,enabled,12,445.2,2022-12-06 09:37:00,True,2025-07-19 10:00:00
38,Esme,Gonzalez,esme.gonzalez@outlook.com,447700900038,enabled,6,198.8,2024-03-02 09:37:00,True,2025-07-19 10:00:00
39,Imogen,Nelson,imogen.nelson@gmail.com,447700900039,enabled,15,567.4,2022-10-01 09:37:00,False,2025-07-19 10:00:00
40,Florence,Carter,florence.carter@btinternet.com,447700900040,enabled,9,323.9,2022-10-09 09:37:00,True,2025-07-19 10:00:00
41,Arabella,Mitchell,arabella.mitchell@gmail.com,447700900041,enabled,11,412.6,2023-05-17 09:37:00,True,2025-07-19 10:00:00
42,Bonnie,Perez,bonnie.perez@yahoo.co.uk,447700900042,enabled,7,245.3,2024-01-08 09:37:00,False,2025-07-19 10:00:00
43,Delilah,Roberts,delilah.roberts@hotmail.co.uk,447700900043,enabled,14,523.8,2022-12-04 09:37:00,True,2025-07-19 10:00:00
44,Robyn,Turner,robyn.turner@outlook.com,447700900044,enabled,5,167.5,2024-10-15 09:37:00,True,2025-07-19 10:00:00
45,Lottie,Phillips,lottie.phillips@gmail.com,447700900045,enabled,18,678.2,2024-12-17 09:37:00,False,2025-07-19 10:00:00
46,Martha,Campbell,martha.campbell@btinternet.com,447700900046,enabled,8,287.9,2024-02-28 09:37:00,True,2025-07-19 10:00:00
47,Amelie,Parker,amelie.parker@gmail.com,447700900047,enabled,12,456.7,2023-09-09 09:37:00,True,2025-07-19 10:00:00
48,Orla,Evans,orla.evans@yahoo.co.uk,447700900048,enabled,6,189.4,2024-04-21 09:37:00,False,2025-07-19 10:00:00
49,Holly,Edwards,holly.edwards@hotmail.co.uk,447700900049,enabled,16,612.8,2024-02-01 09:37:00,True,2025-07-19 10:00:00
50,Margot,Collins,margot.collins@outlook.com,447700900050,enabled,9,334.5,2022-11-21 09:37:00,True,2025-07-19 10:00:00
